Question,Answer
1. What is the main source of transmission for malaria?,"According to the text, the main source of transmission for malaria is through the bite of female anopheles mosquitoes."
2. Which four species of Plasmodium cause malaria in humans?,"According to the text, the following four species of Plasmodium are responsible for causing malaria in humans:

1. P. falciparum (also known as ""malignant malaria"")
2. P. vivax
3. P. ovale (also referred to as ""tertian malaria"")
4. P. malariae"
3. How do female Anopheles mosquitoes transmit malaria to humans?,"According to the text, male Anopheles mosquitoes are responsible for transmitting malaria to humans. Female Anopheles mosquitoes are not involved in the transmission of the disease.

Female Anopheles mosquitoes bite humans and inject the parasite into the bloodstream through their saliva, which is inserted during the feeding process. The female mosquito's salivary glands contain a special enzyme called gelatinase that helps break down the red blood cells, allowing the parasite to be ingested by the human host.

Once inside the human host, the parasite undergoes several stages of development before it can infect red blood cells and cause malaria symptoms."
4. What is the life cycle of the Plasmodium parasite responsible for malaria?,"The life cycle of the Plasmodium parasite responsible for malaria involves several stages:

1. **Infection**: The Plasmodium parasite enters the human host through the bite of an infected Anopheles mosquito.
2. **Exoerythrocytic schizogony**: The parasite undergoes a process called exoerythrocytic schizogony, where it multiplies in the liver cells (hepatocytes).
3. **Sporogony** (or sporozoite stage): Inside the liver cells, the parasites undergo sporogony, and the merozoites (the immature forms of the parasite) are released into the bloodstream.
4. **Exoerythrocytic schizogony**: The merozoites infect red blood cells in the bloodstream, causing them to rupture and release more parasites.
5. **Sporogony** (or sporozoite stage): The merozoites then undergo sporogony again, this time in the liver cells, resulting in the formation of new merozoites.
6. **Exoerythrocytic schizogony**: This process repeats, with the parasites multiplying in both the liver and red blood cell stages.

The life cycle consists of two main"
5. In which year was the first description of malaria published?,"According to the context, I don't know the answer to this question because there is no specific information about a ""first description"" of malaria in the provided text. The text mentions that the transmission of malaria is low, erratic or focal, and full protective immunity is not acquired, but it doesn't mention any specific year for the first description of malaria."
6. What are the common symptoms of malaria in infants and young children?,"I don't know. According to the text, in Hypo and Meso endemic areas, symptomatic disease may occur at all ages, including infants and young children, even without full protective immunity. However, I couldn't find any information on specific common symptoms of malaria in this age group. If you have more context or a different question, I'd be happy to try and help."
"7. Which type of malaria is characterized by a "" tertian"" course, lasting 48 hours?",P. vivax.
8. How does malaria cause fever in humans?,"According to the text, malaria causes fever in humans by allowing the parasite to invade and deposit in the absence of specific antibodies. This process involves the immune system's first line of defense, which is innate immunity.

The specific mechanisms through which the parasite invades the host are not fully understood, but it is thought that the parasite uses various strategies at each of the following steps:

1. Invasion: The parasite penetrates the skin or mucous membranes.
2. Phagocytosis by macrophages and neutrophils: The parasite is engulfed by these cells.
3. Complement system: The parasite is activated to help defend against other invaders.

Once inside the host, the parasite undergoes changes that allow it to survive and proliferate within the mammalian host. However, if left unchecked, the parasite can cause significant harm to the host.

It's worth noting that the text does not go into great detail about how malaria causes fever, and the exact mechanisms are likely complex and multi-step processes involving various components of the immune system and other physiological systems."
9. What is the purpose of antimalarial medications during pregnancy?,"I don't know, as I couldn't find any information on antimalarial medications being specifically recommended or used during pregnancy in general, and I couldn't find any specific guidance on their use in Hypo and Meso endemic areas mentioned in the context. It's always best to consult with a healthcare professional for personalized advice on medication use during pregnancy."
10. In what part of the world is malaria most common?,"Malaria is a global disease with a significant prevalence in various parts of the world, but according to the text, it is most common in Hypo (endemic) and Meso (endemic) areas.

Specifically, it is mentioned that ""In Hypo and Meso endemic areas the transmission of malaria is low, erratic or focal, full protective immunity is not acquired and symptomatic disease may occur at all ages."""
